-3.0352306962013245,-2.224306259304285,155.84337282180786,155.93117904663086,8.7322005542786947,11.4970658088399
-0.5773969888687134,2.2986347377300262,7.834387257695198,11.358316093683243,2.3309398198943971,12.242630581307388
-4.076594829559326,6.175355553627014,-123.69883251190186,127.737380027771,11.979883102568227,91.25315780767328
-2.0286735519766808,0.3691367357969284,-456.60322189331055,456.67109203338623,2.1022284202052655,11.304862848028684
1.8887016326189041,8.389703072607517,262.87122774124146,263.8006126880646,14.583698210709544,31.71595722726004
-1.312286138534546,0.1353626847267151,-358.8363332748413,361.735680103302,0.6424980060224601,90.66025467631232
-18.226972818374634,7.684377044439316,37.912858963012695,57.66500735282898,35.427155195051874,95.67337448367083
13.420780882239342,-11.471055388450623,-34.39241522550583,41.58419859409332,4.0288301430710716,20.18325609430875
0.30123521387577057,2.4683343805372715,-434.7335958480835,434.8073854446411,0.47866071279968886,10.75764950822737
-0.049643367528915405,1.471846103668213,-1403.1801528930664,1405.9309158325195,0.41634198548130708,93.92663177604442
-6.293309211730957,5.554324299097061,583.6314458847046,583.9126472473145,3.0331918458314981,22.799609033039243
1.2137312442064285,-0.3463505432009697,-0.5589200258255005,6.864837199449539,2.674081241401038,10.400099852704049
-0.021165937185287476,-2.060484528541565,-482.32108330726624,482.3961503505707,5.1679553961306253,19.065145107003694
-21.589863300323486,-2.2425337955355644,79.77453052997589,105.02057039737701,16.668579792181941,93.01840446136546
-8.195833027362823,10.371285557746887,-845.9620904922485,847.2495574951172,10.252659135187576,82.89636583253261
0.5577782988548279,0.5627032965421677,1738.3598594665527,1738.3780479431152,3.0602938895667986,12.980419798620094
-0.3384767919778824,0.7289856541901827,129.53722620010376,129.58463430404663,2.2142945887461818,12.49971651675384
-6.238767683506012,1.784902036190033,-1094.9265642166138,1094.9711236953735,9.5323087752406757,26.657933126845567
-2.960061363875866,-0.3334961533546448,3.560028199106455,10.225767374038696,2.0227119233800384,14.394714404882926
7.422788172960281,-3.634554147720337,-1122.8289947509766,1123.2866020202637,9.6207753959282449,53.233165749144554
6.336671099066734,0.5903284028172493,14.618951678276062,26.482656985521317,36.441052489753709,99.14421302398097
-4.912682496011257,1.1899932622909546,-826.4708404541016,826.581787109375,2.6500338286306584,21.2433744027784
-2.3499177545309067,-2.456384706776589,-17.59233984351158,18.96852621436119,1.9251155527380017,13.994150877781212
-0.32596636936068535,-0.48028213530778885,618.7075815200806,618.7460021972656,3.082745251159364,16.55670617245038
5.238498032093048,-5.573711406439543,109.4548540264368,115.63577735424042,0.65522841294760481,39.09456984030285
-2.2453896030783653,-7.009604960680008,37.6251380443573,38.74127411842346,1.5131952887296898,10.295749301356269
0.39590752869844437,8.522019982337952,-13.625954866409302,17.02294135093689,3.2651723306392446,9.521533996448682
3.830465905368328,-1.9332531429827213,-7.487205043435097,16.21153426170349,1.3173566638997236,19.163133024109325
-25.598102569580078,14.205007672309875,213.1391258239746,223.00352334976196,26.012024871919074,92.79873091297664
-11.47166633605957,2.1191375255584717,132.209321975708,142.721435546875,12.803341718419546,93.58629521230415
1.8737167492508888,-2.3291918598115444,-89.88213431835175,90.09812414646149,1.5544973849119224,8.83560478714555
1.4059272082522511,1.3856595158576965,630.2402305603027,630.4115295410156,5.1445484319853279,21.956441353375972
-4.169912755489349,3.6521874330937862,24.271535277366638,25.733043134212494,2.278484489041356,10.11299688269207
5.430839717388153,-1.3858628273010254,-1063.5516204833984,1063.6172332763672,2.0545954049903048,14.107858788517552
-0.9888071953319013,-1.5738803893327713,11.406934976577759,15.013359248638153,0.65193955215459409,10.835731676096193
-8.926145315170288,-8.912486791610718,-969.0099868774414,970.0948944091797,28.336255199149058,93.96901211440975
-0.07303565740585327,-2.4121423549950123,-171.48673164844513,171.80146276950836,3.4359768970260833,16.295727177330786
10.957613468170166,-10.240575909614563,-248.7455177307129,249.9499855041504,4.5892194348100599,25.55215665909259
17.695037841796875,-12.676902309060097,-319.6951446533203,327.04552841186523,9.1291382219735162,93.60807393147755
1.781286209821701,-1.1961369961500168,21.839427769184113,22.45377278327942,1.8896295512773198,11.473599390378949
3.2171415016055107,-3.495967537164688,-44.54019093513489,47.38269078731537,1.6762701508373181,17.376411019918258
9.65210584551096,-9.000401251018047,-117.36058897338808,119.67826521396637,7.3111683239380838,30.138174253182243
1.0884341672062874,-0.7788170278072357,-3568.5126342773438,3568.52197265625,0.57595296899306991,9.209297016597242
4.179713249206543,0.6332930326461792,355.24327850341797,355.4373779296875,4.0731309126027115,16.518657147041562
0.7243176698684692,0.25089091062545776,-171.96499872207642,172.82833695411682,0.74343558355524963,18.314941226523043
0.5820066779851913,-1.8371951431035995,-3.9664678871631622,7.54769229888916,7.5557493129226305,14.447122290686986
-1.8607126027345657,4.687358967959881,-524.7100114822388,524.9725027084351,2.3714246939821826,20.695443278477654
1.8016393929719925,-3.3400259017944336,-24.80842101573944,26.49692440032959,1.949855446782194,12.750421083995258
-1.1244561821222305,-2.0006092488765717,10.686091542243958,12.203758418560028,2.3618973170444089,13.64784653151154
-2.8774725198745728,-0.25363150238990784,330.0648651123047,330.07859802246094,7.635339705989594,2.0332584460608207
1.4829930365085602,0.04789018630981445,344.2583541870117,344.28319549560547,3.0098606031470347,12.109155654136769
0.14338716864585876,17.48931348323822,34.422834157943726,55.9933021068573,6.7683574107662308,91.86122173912844
6.088626861572266,1.3592308163642883,174.34237670898438,174.4575958251953,1.4237781752645209,3.368144199324252
-0.6288914158940315,2.924517247825861,94.3377480506897,94.63830614089966,2.3375144548246278,12.618915532100523
-4.402195051312447,-0.45701248943805695,47.711835741996765,48.2840371131897,2.2751854030865788,10.493676943348209
1.5952524617314339,-4.193889360874891,2981.6286277770996,2981.6423988342285,1.5032988962759566,10.655597669423024
-1.096151553094387,1.0516005028039217,642.9430618286133,643.0092010498047,0.93493923827427428,10.398518993409127
-17.6135071516037,4.020115971565247,-35.42524492740631,70.7764892578125,9.8433034929073795,88.63040878623552
11.748456954956055,20.9168544113636,11.319013357162476,55.83587455749512,15.600873490715212,90.27500256274679
-1.1320594251155853,-1.6946331895887852,5.998162388801575,7.377703130245209,2.1883837107916788,10.411075863812957
-0.013338092714548111,1.8986684530973434,-5.427575565874577,8.982262402772903,0.2274685604365336,11.13353653576857
-10.48017954826355,-2.873758316040039,-669.3158030509949,673.027498960495,5.9901291091283699,91.06694070030807
1.3871111571788788,-2.1821600794792175,52.92025947570801,53.20820617675781,1.961918976581404,11.128301904249902
-9.508296381682158,4.998615246266127,15.525178983807564,20.537019923329353,3.3637092258274599,10.880120956870712
-0.2727368734776974,-3.070634126663208,-74.34878832101822,74.94310736656189,0.85762490476119613,10.752305101923014
4.388250291347504,-3.091965436935425,1.8622281551361084,29.743364095687866,1.5924435326453124,33.45755760809168
5.84231573343277,-4.544262260198593,2.314244493842125,9.97085303068161,3.1591973469632606,10.817170830841938
-2.4477248586481437,2.605073481798172,-36.17872595787048,36.47517490386963,1.076366677973712,7.5072162715905835
2.357071681879461,-1.745400384068489,-1.1991032792720944,4.7203521728515625,11.209332621508388,21.51068263196704
19.170721046626568,-28.213767886161804,-42.20678689330816,63.58743727207184,8.869853442556062,43.297860841299
3.635964520275593,-9.258229941129684,7.059776842594147,14.133324384689331,2.6484086665944591,18.570642751805742
-3.086592584848404,1.0129501819610596,-1124.0940132141113,1124.1506576538086,1.135800848172517,12.037621087320058
3.311349779367447,-3.434635065495968,-15.41290146112442,16.807662963867188,3.3726716925380726,10.828673963493051
-0.8765000998973846,-2.360592260956764,0.9698177087120712,8.145938217639923,3.5527073418964941,12.229476789191382
-23.283225536346436,11.091083586215973,-375.7290925979614,385.4724826812744,4.3392345821683236,89.91361425321439
-4.437139086425304,4.361382722854614,98.03797125816345,104.92156386375427,11.677200760059508,85.85421781875407
1.5783685557544231,-2.8920982107520103,14.519978567957878,16.47985053062439,3.2147619010400112,11.621752868340069
9.356716401875019,-3.2567854672670364,-45.06241147220135,47.27824550867081,2.151082388026933,15.183053254027785
0.012495458126068115,-1.3322793766856194,267.1941442489624,267.342001914978,5.7565511228943897,15.524140472776898
-0.6839931383728981,-4.308421358466148,132.19387286901474,132.3332862854004,1.1593057670776084,9.472694685039357
0.5599401351064444,-11.148454755544662,153.1927226781845,153.77014124393463,6.4250788392515954,11.779186763764892
23.98837375640869,-14.587914228439331,147.63065147399902,158.7134780883789,18.567719514255096,91.56441929016941
-36.42248713970184,56.32334113121033,-1404.1486740112305,1407.301471710205,26.221583522184027,92.55063925264872
-21.330551385879517,-9.510370790958405,-1.6815245151519775,54.034602642059326,30.30925864332708,90.20713388162511
-14.7831651866436,4.468611299991608,37.440917417407036,50.36457818746567,2.5142255300594982,34.12950273355358
-1.1852546334266663,-2.918909400701523,3.1654253900051117,8.421768307685852,1.7840878229037651,11.288343711390171
11.430381447076797,1.6105278730392456,32.23760801553726,34.59910291433334,2.171362971640924,10.494472301905873
-10.051766410470009,-0.22448787093162537,-5.965087868273258,16.02742499113083,6.729168936518608,19.5287818601204
-0.5340170500858221,-4.813221454620361,-6.010788843035698,25.386650562286377,5.7005134981745469,40.44544089818794
0.20655620098114014,0.9371302127838135,171.3907356262207,171.95908546447754,1.8070802239778301,18.560436589546406
-1.117571234703064,-3.050991177558899,-148.37958908081055,148.5672492980957,4.7427796325120957,15.399628770675372
-5.611798122525215,-2.5025012493133545,110.47229814529419,111.2843132019043,1.5675564913785289,13.880316184849207
3.590267390012741,-2.147858902812004,-242.9360477924347,243.1416778564453,1.1911164935586191,12.183270202683444
1.6305193901062012,1.904609501361847,72.65467739105225,72.80858850479126,2.3579580796099675,10.566495050052037
1.802260935306549,-10.297039031982422,123.22462224960327,132.88352918624878,10.186580039952645,89.64395806461194
-1.8957678079605103,2.1519322022795677,-277.66154527664185,277.99899101257324,0.13160123578565625,15.373269301743306
-9.54922553896904,10.107669860124588,-49.657132625579834,96.65171432495117,0.83384150614554797,85.5347399346544
1.3183829300105572,-3.5072170877829194,117.8941091299057,118.16296565532684,3.4667243345613876,15.923751970711706
17.953635096549988,3.837604232132435,376.3639392852783,377.872163772583,17.648548905515632,91.19053896993333
4.030387759208679,6.452905409038067,5.594869285821915,16.266735166311264,0.82762592641375066,14.384490555997997
2.818971112370491,-1.6571060419082642,-29.488502860069275,29.69235908985138,1.122546223098007,10.399072096474667
5.355024695396423,-1.329887717962265,-718.6354141235352,718.6753845214844,5.409880051954592,10.71008427168606
1.1404357850551605,-10.202266827225685,-172.84911680221558,173.17510557174683,6.2888056368318797,16.642031126984367
0.4004599452018738,0.7528904499486089,-11.036524951457977,21.700771033763885,2.9220687989757712,25.782400840909972
-0.8736527860164642,2.3332347869873047,-261.1890001296997,261.4259099960327,2.7703704512863907,21.44331301161416
-2.121506482362747,22.976580023765564,-121.8831114768982,124.58789563179016,4.6539890065968974,15.530474600696175
6.404606640338898,-2.4787087440490723,-19.39715224504471,25.061411380767822,4.1229551773144113,20.240569839097912
-25.73119467496872,-33.66967165470123,-320.63243136554956,327.03922164440155,8.2562241386171333,89.84320521689448
0.14683224633336067,-0.6281578056514263,7.17382276058197,7.389089941978455,1.5065169180390423,8.797077985089535
-3.4331554174423218,-5.175867110490799,20.822555989027023,29.74496901035309,1.3291278655908874,25.520036088726663
1.6598987132310867,-2.7313794046640396,514.8045225143433,514.8835744857788,0.54369623707984216,10.307999791595591
-2.354773849248886,-6.509055018424988,-67.00970673561096,67.93649053573608,0.416960690152965,10.077269516342636
-1.5116319060325623,1.7006844207644463,-273.4835820198059,273.7786326408386,1.1764711512532431,13.990031403984105
-0.18127532303333282,-5.334958851337433,3.094598188996315,10.755527794361115,1.6825920489895099,12.567937390685996
2.439081348478794,0.13361871242523193,-26.520151376724243,27.18422371149063,2.042385178998837,10.146397625922846
-2.9912197291851044,-0.8878430351614952,-185.87482452392578,185.90864944458008,6.0649939835188063,13.984963592437783
0.6904940009117126,-5.331125915050507,1749.095163345337,1749.2069263458252,0.29564658003651278,19.501547083569875
-6.855157047510147,3.861758515238762,19.598005294799805,22.2819185256958,0.75643415455175433,10.824358678791471
0.28691549599170685,-2.060328930616379,101.54445791244507,102.23044085502625,5.0503852424681535,19.884944280069554
-1.2284662052989006,0.3102078139781952,91.76679801940918,91.78068733215332,3.3189642213264934,12.187659588290082
0.9013399630784988,0.369555339217186,1108.615701675415,1108.625431060791,1.3743554529421078,10.725292502582153
-16.248079389333725,14.282061295583844,-1117.7688789367676,1118.0319366455078,1.9465748314126092,11.888736038791203
7.1778328493237495,-0.7942524552345276,-738.640438079834,738.7055130004883,7.0738874778330363,10.243815177572174
13.85763680934906,-2.482290782034397,296.4795594215393,296.9629340171814,3.6961424436897516,11.032957070531694
2.2625094652175903,-3.548454537987709,-78.60785031318665,79.52373373508453,3.0202729539759692,15.797248733194069
7.83381199836731,-1.8683132380247116,18.639548420906067,31.759668350219727,11.871206033804306,88.28963786444261
2.5217051804065704,-3.6668712496757507,-28.391359210014343,29.4302636384964,2.0669731012020671,11.27508882949664
-3.7240349650382996,-1.5648527666926384,16.94952893257141,18.155450105667114,5.669756885034885,19.356738211259614
-1.0360099822282791,4.360460244119167,9.154107391834259,12.086359798908234,6.8672707183178172,11.518196157114009
1.0461946427822113,0.8587805560382549,1171.7937355041504,1171.840937614441,3.1850076353103827,13.50530137183684
0.9762146472930908,4.494928198400885,221.57612323760986,221.82624340057373,6.3474454889345848,19.08098101588261
-0.8259543478488922,6.93904447555542,-77.84206289052963,89.19672751426697,2.8022942088365577,70.82424396241456
-0.6990961730480194,-0.733064591884613,33.571592688560486,35.57038974761963,2.1480855667857757,17.885970806262236
4.991971790790558,-0.15443484112620354,95.66778755187988,95.80463886260986,7.0319001435442878,3.6994330492935004
-10.22669169306755,0.5756500959396362,251.25765180587769,257.5842752456665,5.6545939281823658,85.79282243179217
12.998796105384827,2.0556116104125977,40.753719478845596,43.15912938117981,4.450587914525526,12.724774352983076
0.4441490952594904,-1.317000687122345,-41.52901268005371,41.57671356201172,4.8873623906160217,3.582970350023406
2.3661476373672485,2.6015401612967253,-18.761723220348358,20.622418522834778,2.1214807670991029,11.25692420742014
-1.3032002719119191,-0.5988929271697998,669.3244018554688,669.3885765075684,0.28349712630904811,10.176459612367722
1.7177481949329376,0.2556895911693573,86.04499530792236,86.43192654848099,2.1452033591157793,13.225008484688626
12.245313942432404,11.738202929496765,-14.379454255104065,86.89149022102356,1.2273053915731336,90.14776268931097
-10.424789756536484,13.35328096151352,-48.50932288169861,51.82687449455261,7.3875592276265341,12.253149779103945
-7.00747288018465,-4.008314907550812,-5.949671387672424,14.570159196853638,0.65435874245125958,12.815852221421721
-5.659669905900955,-0.9254994690418243,79.27968001365662,80.04991793632507,8.507216725084362,17.21871910518496
-6.621900320053101,-11.249011516571045,1326.5610275268555,1328.1904754638672,6.2380063502633014,91.12229863737703
-4.4732272028923035,0.9807017017155886,-6.315944604575634,14.029902696609497,4.8946530254047049,25.720478450423922
-1.0574441943317652,-3.879610985517502,-111.9259741306305,112.20975339412689,4.3731990544001471,10.106496560383098
-1.968493103981018,-12.818920612335205,-3.7956718020141125,60.51301908493042,26.541215617411364,90.47800679303937
2.1856645718216896,8.90690815448761,-11.13930094242096,30.582215189933777,14.424587045682202,85.15603011723269
0.942781388759613,-1.1166946273297071,4.345834156498313,7.827176809310913,2.5176967502372127,13.358682234811607
-6.508198976516724,-6.030944585800171,38.62384395301342,69.4921236038208,4.8761693035567166,90.83471677516368
3.0158016085624695,2.6614454984664917,-6.604803144931793,10.514274597167969,2.4140022436497715,10.23854734840673
14.404117286205292,2.2059524059295654,-2784.0240478515625,2785.259162902832,4.1515556336424053,85.93913723444287
-0.3958435673266649,2.425545632839203,-42.87042587995529,46.60277658700943,1.8978550024641339,23.551270682794073
4.338750183582306,-13.391466617584229,823.3111295700073,826.4191093444824,17.781940317049237,90.58828725622173
-0.5368234515190125,0.6440408676862717,3.0768074095249176,8.676263153553009,2.8594931351500144,13.061517837417604
-0.6205554306507111,1.8181440345942974,-4.651801615953445,8.304703652858734,2.360832120668213,11.279786047053106
3.2577701210975647,1.0757841374725103,-16.69340944290161,18.490886449813843,1.067779593523065,9.444420403128738
23.19867032766342,1.1048133373260498,-494.4091396331787,495.86055183410645,26.856797259039432,79.68097388542985
-2.47394198179245,-4.117851540446281,-91.68374073505402,95.30454587936401,3.3355190897975087,89.77746160081855
2.0699710473418236,-3.59241858497262,-518.0063133239746,518.0918321609497,0.97273367907765995,10.370320463025935
3.5721609741449356,1.6563274636864662,343.8139753341675,344.0137948989868,0.828131612144268,13.468150347571523
4.70191216468811,-10.14640861749649,-86.39415836334229,91.03502464294434,27.814090276983528,69.61141957397126
-5.603234648704529,14.749279975891113,-108.23512101173401,116.03755617141724,13.58982711866938,58.00513682295819
45.58987092971802,57.97284936904907,-37.11736536026001,103.584641456604,17.717373409847415,79.828640458525
0.7172122150659561,-0.04315388202667236,-4.03835654258728,10.758145093917847,1.0407429473998124,12.104917247903199
-3.7573142237961292,3.65351939201355,0.5791265666484833,9.806661367416382,3.1602842113067289,10.3299818277229
1.5058073997497559,-6.948562502861023,-147.93395805358887,168.067400932312,5.4642803402608235,89.92843348935364
1.069939425215125,-2.7464639544487,-19.621347188949585,21.365337371826172,1.9348145580237563,10.763653412437673
1.626152291893959,-1.9744525142014027,278.0192304253578,278.21837145090103,0.78379613845199303,12.197119376101034
-2.9792694747447968,-0.8067123368382454,-412.5265426635742,412.5508155822754,4.1547285815531643,15.52548485263146
6.906065583229065,-11.60928306542337,-1406.9555053710938,1407.0416717529297,7.9805866534628178,13.251890379828138
-6.586308419704437,-18.497396886348724,-1.5416784286499023,77.40755891799927,2.9696305118703274,89.97520552796368
1.7643584925681353,-0.4954689294099808,-46.627909779548645,48.146783888339996,1.592067398557494,15.247867731738006
1.697227381169796,-4.440307421609759,-866.041145324707,866.1027221679688,1.9622052545211532,10.79265442284184
-10.311792969703674,12.4362513422966,1658.6914751529694,1660.2410125732422,2.873128413380345,87.32166777170968
-3.314280189573765,0.14645354822278023,420.0942802429199,420.16314697265625,1.8049125714248704,10.560455152847846
-1.5248855873942375,0.18835792690515518,13.91579770296812,17.282656371593475,0.16298897082123828,12.802254544638291
0.11221188306808472,-5.8985477685928345,-1288.299560546875,1288.3791885375977,2.4368665245426544,14.726261244466913
-11.459982991218567,0.3379385620355606,-11.497281581163406,16.922605365514755,28.366626943371937,12.300677835632706
-1.4516033129766583,1.0102611184120178,-8.763445802032948,13.621412888169289,0.76965257309164803,11.642344214268329
14.006587028503418,42.47145462036133,-69.25820922851562,82.44226837158203,10.371343149931363,38.71204861291333
2.4448973312973976,2.557828739285469,-5.911604136228561,10.462336242198944,2.9870270823839746,13.569310110247082
-2.5252434611320496,2.3315046285279095,316.5942029953003,316.94761896133423,2.3194782831895764,21.274477057707625
3.2524043917655945,-10.27289617061615,52.99453127384186,54.918503522872925,1.5475991927719086,12.79585273898652
1.0240577273070812,-0.11011415347456932,-197.44579935073853,197.48490571975708,3.6293197792446996,10.863099649329993
-1.0127853453159332,10.52867078781128,0.6500805616378784,16.316957473754883,7.1775360376477044,18.128683767103265
26.527480721473694,4.457727909088135,859.0515213012695,861.0754737854004,36.858134538914051,89.9014976776756
0.0936572402715683,-6.6762343645095825,-549.1966342926025,549.4990692138672,0.80693521112004529,22.53766939460727
7.793670475482941,14.965695142745972,61.392088890075684,70.43957185745239,8.2135284083897648,49.145803173200484
1.3235563151538372,-3.1704699471592903,-19.629754304885864,20.93332415819168,2.8756476079373932,11.246125377058991
0.7434895634651184,2.1074183210730553,-6.21816098690033,11.311576962471008,1.6533304400729381,15.463170228558647
0.03583380579948425,0.08123284578323364,0.4465488940477371,1.059810072183609,2.0198654668326248,10.15674396476321
0.29011116176843643,-0.025400936603546143,-5.862382650375366,5.895535945892334,0.46234955029851277,11.518254554047767
0.6741913110017776,-1.4344098269939423,-11.313414573669434,11.487500309944153,1.9061069860705315,7.551038920721261
-9.474821150302887,0.2571721710264683,28.811181664466858,30.343770742416382,7.3166285615552678,12.488132648985605
0.11030954867601395,-0.5264493823051453,-92.0845410823822,92.5022280216217,3.0127069127847639,12.824511754648324
-4.8223875015974045,3.207646369934082,-3.6295674927532673,10.68305367231369,3.6666103445236891,14.157949691355666
-2.2259753197431564,4.03710401058197,-1.3434060215950012,8.888614296913147,0.99527293169104114,12.85482112721468
2.3517325818538666,3.1521358862519264,-4.821126237511635,10.55485138297081,2.0589552709133798,11.401411754868429
-1.709023118019104,-5.110868811607361,-522.2563247680664,522.3088798522949,1.9907360698356853,11.10682705258956
-1.1642800569534302,-1.0226298868656158,-30.65761113166809,31.475998878479004,3.3659970975146556,15.838401879239669
0.14661586470901966,-0.05950403492897749,488.0740852355957,488.1684081554413,2.8739307816700781,16.729086721169224
3.074182815849781,0.4005248863250017,455.1855812072754,455.2555160522461,0.82258939765842298,10.312643073232023
2.389163851737976,2.0590771436691284,-43.355087757110596,44.661975383758545,4.0127034500362999,17.43468641601295
2.181956432759762,-0.32235050201416016,-103.05608940124512,103.39944505691528,1.6225956841885925,10.450987742813702
-1.5690069631673396,-4.107109904289246,-133.57876873016357,133.71366357803345,5.4131600310481209,17.94382872159026
13.11919629573822,11.710310637950897,73.19058436155319,92.92984795570374,12.777908626829817,79.19180382252584
2.0722931623458862,27.55263876914978,47.00697994232178,68.2262134552002,5.9163711662836338,90.6640342427339
5.858367204666138,-0.8949096202850342,294.41650390625,294.58387756347656,4.4933741170882211,12.63241099187807
-3.8845262974500656,43.78151446580887,-111.58908519893885,143.35123544931412,3.5905305020037304,90.59593500759097
-13.153125748038292,4.653764296323061,1181.0935592651367,1181.2179412841797,4.4996931734486472,14.01545045009975
1.8709126049652696,-0.6200608015060425,52.74962133169174,53.266976833343506,1.1786399600169712,10.372414952174886
-0.7183480709791183,1.1108551770448685,-222.83295679092407,223.00808382034302,1.5149596595056445,13.171242494223836
2.2394132912158966,-0.12358369305729866,-9.667878478765488,10.468600988388062,3.2534403097559905,11.10730844475601
-4.020163029432297,15.01942354440689,477.4768099784851,478.34366393089294,2.9127732871391814,30.021703540965504
2.1416771672666073,1.550044760107994,200.37650203704834,200.39922332763672,9.1754115802462461,14.927121041067087
0.6566162034869194,-1.16318941116333,610.9744386672974,611.002799987793,2.2195516318065693,8.325471109970666
-8.376088738441467,-6.643605828285217,-27.476856470108032,30.82187032699585,12.201260951177048,18.482292711986208
3.107086420059204,3.0421173721551895,-63.068921625614166,67.25759530067444,0.35179497872310483,25.69955649843741
-3.7267403602600098,9.67259407043457,123.66422653198242,125.81216049194336,2.2774718469061161,26.02010857365712
0.08039682358503342,0.37280668318271637,-718.9549388885498,718.9789562225342,2.5767827921766369,15.028532201292776
-13.65761148929596,5.812501758337021,-19.74292403459549,26.182648181915283,4.9420287009418757,11.655634720951404
-1.2260983856394887,0.3425486087799072,298.2613534927368,298.3517789840698,2.0929227998313888,16.03809007016318
1.9605464339256287,-1.048471361398697,-178.9049301147461,178.94159317016602,6.8199425846244957,9.24991697228592
-12.080161094665527,-10.276786506175995,-87.41283226013184,89.21937942504883,5.8016029394506239,13.30761289960577
1.6063650101423264,-0.2907990328967571,678.0045375823975,678.0977630615234,1.9974443031152476,21.478115140140464
0.16280577331781387,1.189953625202179,-9.014647901058197,9.379587084054947,6.7513780779839712,10.38847866720377
-5.024396896362305,-0.3939567804336548,-157.85773289948702,162.48035800457,14.5864085105061,90.67826108038852
47.28489637374878,22.248716831207275,-350.4584655761719,356.7709369659424,32.808114422936548,87.38645445926429
0.3638806417584419,0.40442287735641,6.766109585762024,8.312545895576477,6.7523461766619652,13.258642346296531
1.5013627484440804,-1.33205184340477,-4.624425198882818,8.552967011928558,2.9514259804132861,10.33392078791193
0.24658790277317166,4.198770344257355,49.70538650453091,54.23274278640747,1.374310601175073,39.39095439360834
-0.6363829374313354,6.684463307261467,-1040.0892510414124,1042.2979373931885,6.3709354303335557,91.40957712166563
4.021069683134556,3.2065038681030273,-745.8401336669922,745.9179539680481,0.98180250475858621,12.594190577098805
-0.4033841900527477,5.077783487737179,3.341723769903183,9.256194323301315,2.9838942298809625,14.33447391015594
1.8672264739871025,2.308560661971569,56.10266160964966,56.39841020107269,6.5132370979681635,10.350613962499638
16.587891578674316,14.586668014526367,-91.43529486656189,111.48851490020752,13.476250153186639,90.2853870358087
0.1383902132511139,-0.6856582276523113,188.25813484191895,188.31885623931885,3.8276996271976587,13.743976386181295
-2.9371739625930786,-1.1580553352832794,13.241407297551632,17.915624380111694,2.4115499831014282,14.051437512385847
-2.831486687064171,0.7418198278173804,-1127.7382583618164,1127.769630432129,0.30290992158037039,17.82878118943226
-0.37128014862537384,2.0345933213829994,-74.9025299847126,75.53776186704636,0.86231268694527818,12.210022387199867
6.307285979390144,-0.9854193925857544,1359.6065521240234,1359.7363243103027,2.2227845690825885,28.742839813542012
0.47839570604264736,3.737701072357595,-216.52081489562988,216.79718613624573,0.51653505303037872,11.665951807656956
-8.269745476543903,9.15639265626669,-1128.6964254379272,1128.7935276031494,6.5993810707039948,12.198147742894752
1.8672220259904861,1.4422576427459717,-14.13074141740799,16.065362811088562,1.1375583619468348,11.884601456731751
0.20222795009613037,-7.9643189162015915,-279.7488204240799,280.49139416217804,0.9310118923438595,26.654618551394947
2.318600573576987,3.1564505994319916,20.91271948814392,23.189440071582794,0.44297311095197278,10.434455996434638
-29.93726471066475,60.215352058410645,92.77302837371826,132.35469436645508,20.293025295488331,90.25695870395778
4.9707269966602325,-2.327755991369486,209.57769203186035,209.6653118133545,14.114542704708658,11.256338068789809
-0.5604871436953545,6.838598728179932,-1.8422850370407104,18.983103036880493,6.8740944722436863,46.08456467677703
3.6936355233192444,4.432158499956131,-594.8188610076904,594.91623878479,1.3648808743975589,11.237807891572876
0.9447841346263885,-0.29607701301574707,-10.367370843887329,18.4458909034729,1.700625973839498,40.89464377788941
2.3680597618222237,3.2966514825820923,-93.1527967453003,93.90178489685059,2.8934990406669479,14.075928149139207
-8.585163205862045,-2.425947666168213,19.001176834106445,84.45785713195801,4.8271520700231196,92.43791370363869
-0.2151360809803009,-3.0257922410964966,-32.0884467959404,37.029181718826294,3.8518019318403667,25.185036683931532
-15.543097376823425,13.513806104660034,-63.97543726861477,93.37906217575073,8.6728177129494757,93.0973978991294
-5.128994386643171,4.003598645329475,338.07286047935486,338.1840844154358,5.4485629217128428,10.94339439702902
-4.099543899297714,-3.516648691147566,14.135127246379852,18.96903133392334,5.0483218333502853,18.087049816049028
-0.16336432099342346,1.9921109424903989,15.441356778144836,16.114119291305542,4.286266172805318,8.308104888060845
-3.7718212008476257,4.1406590938568115,7.76655125617981,71.8095965385437,5.5380694263070689,91.44533299571656
-1.4699662625789642,3.221111625432968,671.8743801116943,671.9680862426758,0.6360958717115055,11.599600060124587
24.46461296081543,5.613208651542664,-967.4922561645508,969.8034057617188,32.553835721714073,91.61276932717168
-1.3457008004188538,2.9811030626296997,22.54930931329727,26.462290465831757,2.5608932303464238,18.54336844213645
-0.7128620743751526,-0.9568285569548607,-70.77260613441467,70.93175828456879,1.8149988547392029,11.253303300029673
0.018936991691589355,-0.19908494502305984,23.901479125022888,24.667777121067047,2.5497188681841174,12.258053345527104
-11.490013206377625,0.5967715559527278,11.132627062499523,17.766781955957413,0.44510813914902225,10.721831325708608
-1.6193467825651169,-3.601521372795105,0.9181417226791382,5.730635643005371,8.1189746905862741,15.054161682790857
0.8777549266815186,1.6160379648208618,382.18113231658936,387.06625175476074,3.3542397493384231,93.01484232835783
-18.81144618988037,17.04154634475708,-1182.6117553710938,1183.7219009399414,19.151745691692259,91.24821503244004
-4.44548811763525,2.4144928455352783,78.12028193473816,86.8139214515686,3.0053949812104204,49.55893945935217
-7.106133181601763,5.805475533008575,141.425931930542,142.26909494400024,3.6616493741843943,18.211511705438458
-0.4391295909881592,-2.7573112398386,-29.759301632642746,30.732889413833618,1.7260996023397648,11.886901110779934
-2.2275737188756466,8.052256405353546,63.17200028896332,64.36937659978867,5.563392007271946,27.044320826267516
-3.6264606714248657,10.712516963481903,3.1873921006917953,18.58202427625656,1.9683053062971343,17.916571765153794
5.76284996420145,1.430745005607605,34.22616387531161,36.826495885849,7.7861762091169897,17.625090493112392
7.663747012615204,-0.49722377955913544,313.97811855375767,324.83063793182373,0.55855636745139392,91.34456913924525
3.0143262818455696,1.6023246943950653,-8.819819048047066,11.435675173997879,5.4549885398097322,10.260150409683412
-6.372950077056885,0.4880980849266052,-45.54937386512756,71.70438766479492,6.7071035205696301,89.97668333990713
6.722393751144409,7.146805703639984,651.7180919647217,651.9680519104004,7.5756107732229303,24.35631444188081
2.3504875786602497,-0.5566793493926525,-1469.8509330749512,1469.8661651611328,2.4840941864732344,10.487335713128665
1.0482980161905289,0.9330812692642212,783.703483581543,783.754768371582,2.3360180572056759,14.782584419139765
-1.6981003880500793,-2.0910345297306776,40.420226603746414,42.471797585487366,1.087552418259444,18.16316555384537
-3.5368186328560114,3.9730141684412956,156.2155202627182,156.88630402088165,0.74469639956533584,21.836021054225967
9.581534542143345,-0.1497334260493517,-49.5696529308334,51.36525313556194,1.2210263315115351,25.689873128118542
9.708350068889558,-5.907498836517334,433.75365257263184,439.86502599716187,12.61444234173366,91.11198199506974
-2.534857749938965,5.439766347408295,104.88669681549072,106.51408576965332,11.793096928351622,48.593231932029376
0.04607572679378791,-0.927265515550971,350.35292387008667,350.40724182128906,0.34881281219142185,15.430354721070463
1.2011589333415031,-1.4736601077020168,-499.3143677711487,499.371709048748,0.3285675328253006,13.180074169510569
-0.46243804693222046,-3.5561453551054,-697.6555643081665,697.7244825363159,2.7544732830589145,12.535612462930342
10.296621456742287,1.2652055397629738,723.0321931838989,723.209376335144,1.0744234427389927,14.131874893556855
-1.018950343132019,-4.6169726848602295,-656.9675016403198,662.1812677383423,2.7127977119145563,93.49042193753989
19.078397393226624,3.395282030105591,-323.27863335609436,331.5721697807312,3.5759331585899989,85.45013716057477
-2.1472088098526,1.313175491988659,561.5227737426758,561.5687255859375,1.5618856574295408,18.867055802954326
-0.42931120097637177,-0.7174738794565201,497.7349433898926,497.8136873245239,1.1962186538398296,15.42776668204944
-3.867660403251648,4.4109678864479065,-303.1835746765137,303.57427978515625,2.9446262041150213,21.341907416269727
0.34596383571624756,-1.6000372245907784,176.36094665527344,176.61783695220947,4.8921707064119877,13.97693433413452
2.8685165345668793,1.6457056542858481,13.943201869726181,16.342974573373795,1.9243292100132605,12.260526215173215
-2.9753940105438232,-0.32706737518310547,-203.58453750610352,206.53842163085938,18.68949434418694,80.80903513885428
3.5726533979177475,-21.23939025402069,39.54459887742996,45.800086975097656,4.1927174379291552,10.798952027684315
12.383048377931118,2.316671060398221,533.076826095581,533.3329696655273,3.3204604334992887,13.07088937035872
-5.019716262817383,12.773902893066406,-20.695303916931152,38.28966522216797,31.649355755492309,91.79174289824718
-0.8787382245063782,-0.5293094143271446,66.59890079498291,66.95220947265625,2.980248173282841,10.512009741577407
-0.834015965461731,-1.1732455492019653,-223.15790700912476,227.71323156356812,3.4822914453424216,92.21804926759513
-0.34506814181804657,-0.8667527362704277,-210.1709713935852,210.18498182296753,1.1279224276986621,13.275250839665096
-1.6225715577602386,-2.1663208305835724,394.4895496368408,394.518404006958,4.1765776970229034,12.459632346490356
-12.32518653338775,-4.5598734095692635,24.14047279395163,29.464809849858284,1.8757405249718169,12.556038894929582
4.360270664095879,-1.4427648931741714,166.21318501234055,166.4021012187004,1.3368609416585187,10.424203632017749
3.7937873229384422,1.1430506631731987,2571.99289894104,2572.046106338501,1.2195524518383429,19.164167255277814
4.175209328532219,1.362634316086769,263.09593963623047,263.1355628967285,1.9889861989128998,6.273875108167508
1.343426402658224,2.333132177591324,6.611082626506686,10.324160695075989,3.5880173556256572,14.70281354184364
-1.703583002090454,-0.612800408154726,-591.8567733764648,591.8690490722656,6.5916824669981056,13.543108457211448
5.086862079799175,-0.2475925348699093,1685.2136611938477,1685.2629508972168,0.58447910570373873,14.657174640245596
0.4156080149114132,-0.42283591628074646,52.71387271955609,54.515262335538864,0.52665350971268454,16.92169457015776
-0.5940490858629346,1.0132303014397621,-792.9309538602829,793.0009276866913,0.38578293231606636,13.913795880870335
-0.7871110960841179,1.5901780761778355,239.46484065055847,239.66907453536987,1.2379382140681208,12.576188365682402
-1.1315197944641113,-1.3074598461389542,111.3813648223877,111.84540557861328,0.8176867886911644,12.403434758858467
-26.562766909599304,-2.7743662148714066,108.54464852809906,122.14713788032532,16.898156016920584,86.87681077302518
1.3042277097702026,-0.6154346466064453,-61.75840759277344,85.51217842102051,5.7068480423206758,93.14811151965682
1.746671736240387,-1.1146152587607503,259.025426864624,259.10104751586914,0.9070259904702771,8.085099077899182
-1.0005921721458435,5.998386174440384,60.01728308200836,63.82065176963806,9.2869675280816608,38.82139986538497
1.1264124438166618,-0.5639204233884811,1340.119276046753,1340.1329498291016,1.881622373507758,10.821831182991295
1.96180684491992,-15.300744712352753,170.30420804023743,172.0061912536621,1.0524617141378043,22.34839662048267
7.239341750741005,-3.0337436497211456,-60.081478238105774,61.783576130867004,0.73817321175349693,13.178620998925686
-2.5857496969401836,5.121982529759407,6.679983541369438,11.5589519739151,2.8985316862882877,11.020527967541453
3.820218626409769,3.1716132313013077,-365.13854026794434,365.27353286743164,1.3818002810865162,13.106616445534385
3.2725690454244614,5.237892925739288,-9.568441212177277,20.732932567596436,0.38658896949398619,29.423211362283727
0.2480418086051941,2.762895092368126,356.6614589691162,356.74042892456055,1.9879738067468276,13.953003868840117
2.708333134651184,-0.4426388442516327,-642.6725816726685,642.7146873474121,6.0649519120362179,20.313056230654908
-1.9994689226150513,-4.055294454097748,2.83840274810791,11.123679399490356,1.2488897535396772,15.023352289100997
-13.192181050777435,-8.607218742370605,-59.40333127975464,102.91224908828735,1.4515163977267374,86.91009506580535
-0.5285287275910378,-0.879253476858139,-20.982114627957344,25.35579550266266,1.0200310456956707,18.272211150077386
-5.326284408569336,9.4406156539917,13.510693311691284,86.4409704208374,2.9940603651238624,97.1287512324585
-4.934845447540283,0.6642098724842072,128.08932733535767,128.4694275856018,1.9747002441972894,11.917510160364653
5.0173709243535995,4.335045635700226,-12.605200633406639,22.093494772911072,4.3724433492280852,26.656243983069288
0.72467440366745,4.927635282278061,4.53381259739399,16.831254482269287,0.27003930260576947,15.93672918340641
-4.971850544214249,1.2038514763116837,-47.02880859375,47.99249345064163,2.4651916940017236,12.794736025114503
15.579395651817322,7.98877078294754,-139.4079189300537,141.83136248588562,2.7707267648035039,63.40450719572021
-5.569566428661346,-4.714125871658325,-1540.2535858154297,1540.966121673584,9.4405521587480941,91.39543126641121
-12.902311325073242,0.5855715274810791,962.8357963562012,964.1968193054199,9.0215008797300325,89.38226219291376
-4.254195958375931,2.637743592262268,-113.89835977554321,114.39485168457031,2.469935908652233,14.733905407933774
-2.238816976547241,-7.788128674030304,23.929100394248962,25.557568073272705,3.5874085657215291,6.599602149833546
0.6890022158622742,0.1880250871181488,0.7401794046163559,2.2561142444610596,0.95943430862183976,11.145161913582438
7.868201971054077,4.660396605730057,-154.84817028045654,155.1194133758545,1.4342948812539593,11.90848901517507
-1.2733222246170044,5.202394627034664,8.27004124969244,12.708594590425491,3.3671152378974765,10.618777633236144
-19.542261116206646,-6.43896871805191,0.4593997001647949,64.03474044799805,13.16296754290957,92.7181448175344
2.4084740430116653,2.1264223977923393,-376.1654233932495,376.25867557525635,2.43750861427496,11.161068407488944
-0.6160410717129707,-0.6625935137271881,965.860710144043,965.8708534240723,3.9887606988071282,10.18545872836681
-1.8333814144134521,2.349994271993637,-10.734304070472717,12.420571982860565,2.2101436477404692,10.714562918133852
3.254239648580551,-4.095396980643272,-536.0102896690369,536.2064306735992,3.4677977377437719,20.221374265779314
44.04377603530884,-4.338467180728912,-787.3457832336426,791.1715049743652,13.625917216289235,91.17864713560094
1.528206456452608,-0.6455601342022419,-1.5826542861759663,4.645956873893738,4.3867511577890443,11.003102680223527
-0.09159991145133972,0.8994681239128113,-749.6116542816162,749.6776447296143,2.3979755383502757,14.774772738624486
1.1570467352867126,-0.2542799189686775,2.305240213871002,4.409826815128326,1.818922468860364,12.896156273144673
2.792849123477936,-1.124918520450592,-31.543826818466187,51.1594535112381,5.2839977230630275,90.20828732629737
-4.260142400860786,-1.7313619554042816,-199.53652700781822,200.9086293578148,9.9595710196374689,91.46684969216842
11.446061164140701,0.414442528039217,-43.73127055168152,45.85267496109009,1.5023624508733471,11.484805905690566
0.63162537291646,-3.649198241531849,-11.686891824007034,14.01430082321167,2.8470977065534995,11.728795243770545
0.3647003509104252,0.4085207097232342,-50.97921586036682,51.6700154542923,2.0686765883075271,12.465048981802768
-0.05991768836975098,3.724462926387787,-57.84453105926514,58.93777084350586,3.3120746035098745,20.16156568633959
-6.209271967411041,3.9205795526504517,-254.72570288181305,256.18816566467285,6.3073642583081462,93.00844016092715
24.068754076957703,-9.75829103589058,-58.55707588791847,83.90568542480469,15.097317745737666,91.22082206325027
-1.598670780658722,0.6100817024707794,667.1896781921387,667.3387680053711,1.599215039793989,18.29689370252884
-2.4596818685531616,-4.262258797883987,-27.138838291168213,32.49991250038147,7.3426459887368116,28.113380941667764
-6.284716367721558,0.7294609993696213,278.39774656295776,281.0072674751282,4.1855399237865578,49.713092039714574
-1.9853024370968342,-0.8409806117415428,1.26524618268013,6.748447924852371,1.2442443727768333,10.177917462511786
-1.1032071877270937,1.3440320491790771,-1.1228502541780472,6.880398511886597,8.8772765140264038,13.19387366911369
3.331352863460779,6.720956023782492,-198.0716471672058,198.49264907836914,1.5396251613742125,12.715685282447872
-18.49363224208355,-1.2741300272755325,336.9162063598633,337.5506887435913,3.5434438354436373,13.08884113893575
0.33374834805727005,7.506404221057892,47.804755449295044,50.26256012916565,8.2971958153513672,32.533252345514384
-1.7300681695342064,0.30225735902786255,336.64732551574707,336.7479820251465,1.8976583282517754,11.954187323341687
0.9300123751163483,-0.8009848594665527,9.877276942133904,13.226841777563095,0.24422999148251265,10.682818520330141
2.6742457896471024,-0.17048093676567078,-21.4689821600914,22.785645008087158,2.8220087344618294,10.055491480798578
0.09335030987858772,-3.7799272686243057,1269.8344345092773,1269.8600120544434,2.0217105218634588,10.497164050241851
3.45586740761064,-1.1982242316007614,53.952526330947876,54.29479742050171,2.5470640236795874,12.580431825378758
3.1208683596923947,1.4455572227016091,-467.45744705200195,467.5105781555176,1.7787336933781066,10.36610256419232
-1.611389122903347,1.6262720823287964,0.13785353302955627,9.495620489120483,1.770390832273304,11.031912654845028
-3.4750595688819885,0.4806947112083435,246.63774752616882,247.3152949810028,3.1419355996796687,30.03061770317731
-0.22901780903339386,-2.351478386670351,68.02275371551514,68.23330211639404,1.8156120116974557,11.538743000348676
-0.06166434288024902,-14.761000454425812,-219.9056100845337,220.73389720916748,12.438981640974383,21.97996307488562
-25.10629665851593,20.332035720348358,-106.92311644554138,113.97420597076416,13.238766541129914,45.17598713323358
-2.551180399954319,3.300654448568821,1991.328628540039,1991.366844177246,1.5937752349055168,14.645248434762905
-2.025312289595604,1.4708036929368973,-329.40135192871094,329.4540386199951,5.7970251259798209,15.332909967813237
-0.8639953527599573,-2.1871259808540344,-1171.862283706665,1171.9249057769775,0.48921854242664237,13.007173355585836
-2.9676165729761124,-1.5414775609970093,5.105926513671875,9.337760329246521,1.6411698443691836,10.836671066191284
-0.31404709815979004,2.684997081756592,47.78789496421814,50.245898723602295,1.6452989626447621,20.003127327040183
1.1362045407295227,-0.22008949518203735,-36.23676311969757,36.90017008781433,0.30305305595254295,11.839548371534828
0.1625131517648697,-0.8060691356658936,-11.821087837219238,13.185673654079437,1.6937351576019426,10.01431505346891
-0.40139459166675806,-1.881056398153305,99.33772349357605,99.57571983337402,0.6560195336155803,10.386606247114381
-1.1836260110139847,-0.4475334882736206,2470.7228393554688,2470.745315551758,1.5055209820863298,14.67964616756244
-11.78266778588295,-0.48764678835868835,-11.534764796495438,18.576509594917297,4.9279612209011709,11.690954604172427
3.758762165904045,-3.386756420135498,1731.78955078125,1731.8206176757812,3.2617477227878489,13.444114065698242
1.0286632776260376,-1.819388508796692,1142.076992034912,1142.1564865112305,3.1595714761948446,18.26201609546656
-3.3598286509513855,3.0739918053150177,152.0125961303711,152.13686561584473,2.0037579610287848,5.125038141803571
-3.773386240005493,-0.11703750491142273,-1377.8115844726562,1377.8333892822266,0.65659555770708011,11.727131306037087
0.5058894660323858,0.7003424763679504,-1.2477706000208855,6.859271883964539,1.2609611071851377,10.16049724879965
-1.947572261095047,-5.3174759298563,-164.84229707717896,165.2444109916687,3.3119574418619688,13.868445395351465
-12.887886703014374,21.003588259220123,177.69257831573486,179.78125,6.1713330384076022,20.84055886785471
0.1075926125049591,-5.001080363988876,1.9472294598817825,8.222615003585815,2.7029335533141126,11.52304916526179
-4.043135643005371,9.938045978546143,-36.126256465911865,41.564568281173706,10.585239423164541,25.009299548123426
-6.4108390510082245,9.934531595674343,-157.28954029083252,158.06531620025635,4.2420262221486489,13.817867854905437
-13.865358471870422,2.3898883163928986,-17.59713104367256,23.718036115169525,4.0902033556258584,11.208878987060672
0.3092761733569205,-1.9375242590904236,-6.7211037473753095,8.35384115576744,2.9310778021523545,10.316257007362752
-1.0510555505752563,0.2735624462366104,-52.48480176925659,52.60043144226074,1.5865975136236579,27.869430844300695
0.9028713181614876,2.445953629910946,306.80926874279976,307.03251135349274,1.0511672196041577,17.689648875634443
-2.0013753175735474,-1.0644724369049072,420.77886962890625,420.81858825683594,2.6600974955659837,13.420202582713005
-0.1753958910703659,0.7311797067523003,-527.8541984558105,527.9065561294556,2.3495818629545826,10.652269725754703
-0.4067653864622116,5.8099751472473145,-70.01695394515991,71.10837030410767,0.42219267248456366,11.38869638987987
76.26074457168579,-72.48783302307129,309.4599666595459,328.59467697143555,136.36816643409972,92.66344692027788
-1.7055148482322693,-1.8167637586593628,5.48921012878418,10.100067436695099,2.2988525350229629,11.857042488309013
2.1825618743896484,1.005157969892025,79.89291262626648,80.17263269424438,0.53808549871264633,9.512491577111357
-8.797212377656251,4.997090005548671,5.32695034891367,13.688695341348648,2.5697843359114176,11.439676212275238
-2.426505535840988,0.1281449794769287,712.1842222213745,712.3906755447388,2.4373759461071902,23.19613272465603
-1.5327095985412598,-3.429187297821045,-487.46775817871094,488.3908042907715,5.2994369531039851,90.24380186529173
-0.6213470697402954,0.7174798734486103,-1739.433946609497,1739.4423065185547,1.1811818918110346,11.361771475555424
2.8846593499183655,0.5265112146735191,-37.86723953485489,38.727484941482544,3.4543630672723289,15.823112758084774
2.147542893886566,-3.8054469116032124,17.544342279434204,20.15516471862793,2.2179482419759267,11.478182777616706
0.21191824227571487,5.364890452474356,-18.32483982667327,20.004864171147346,9.0714177248503152,12.749998822710449
3.270679473876953,-1.945162057876587,-89.51956558227539,90.74890899658203,12.446835794754996,45.56418456542567
-10.075400829315186,-3.1698609590530396,-635.6093645095825,636.0805263519287,2.0443312672581282,27.0335057572459
-3.2452601492404938,-10.184924006462097,-578.9248390197754,579.0754814147949,5.2475882372150284,17.382936798892608
-3.822663366794586,-5.620828792452812,-11.261829942464828,14.96745452284813,1.0362156223906394,10.333543631647181
10.076792240142822,19.60328221321106,15.602192282676697,43.152806758880615,24.897539632371874,91.2592126766154
2.154208779335022,-4.006291352212429,726.2624244689941,726.4116363525391,1.1868856293831285,15.800752858145554
-2.251513794064522,0.5860343724489212,-191.91888797283173,191.97927904129028,1.4455113648993492,10.786704964034001
0.7290017306804657,-2.1023539006710052,226.86258602142334,227.09350967407227,1.4580419796290036,11.756205727330562
11.395369291305542,-1.749637931585312,-465.9556713104248,466.2530212402344,3.8634033558937015,15.788912858480915
-5.735842917114496,2.5568958818912506,-32.721141040325165,34.40105664730072,1.6615965466937777,11.70078054256012
-5.848135069012642,4.318047098815441,-822.3706302642822,822.447286605835,0.86935228882209947,9.704550369716232
1.2590805552899837,0.028409689664840698,1757.7988204956055,1757.825798034668,0.85989840306465792,14.990031492742839
9.303786277770996,15.436284303665161,-531.8701629638672,538.1547660827637,9.1758161291420066,93.37016999347142
3.056224822998047,10.715023517608643,-306.63598346710205,311.57861518859863,12.909143817691094,93.35203424513865
-0.342193603515625,-2.5113594345748425,-266.6925506591797,266.81611824035645,2.9330011117789785,12.874995120984337
1.3702948428690434,-1.4823386296629906,5.6399145424366,8.174143970012665,2.04838076048383,10.910400477770336
-1.3753665387630463,-0.7234472632408142,-96.85964584350586,98.00489568710327,0.94140990063011376,19.379800766099862
-1.1813728213310242,-7.063308835029602,-232.55552124977112,234.93569016456604,11.930248532952934,91.7817103633458
13.768528938293457,-15.847619533538818,-143.59076499938965,159.2500467300415,21.011151607395036,93.04205809233497
1.150349911302328,-1.5395987294614315,9.67813640832901,10.45367357134819,4.2229590673637771,11.313094545166534
-18.33297711610794,-5.118407309055328,-655.5870943069458,659.2597643136978,7.6560949578289543,94.25222609869314
2.2229639515280724,1.1512134559452534,59.2009711265564,59.66839003562927,1.6459058165382772,12.388931366290935
-8.34370344877243,0.8724926710128784,988.4111080169678,990.8508214950562,2.7775206487983155,92.55810575529779
-0.8792437091469765,-0.36411411687731743,223.45306515693665,223.5667543411255,1.5617235588084892,10.364803552212773
2.073589563369751,-3.3560710549354553,203.05512237548828,203.28205108642578,2.6475938432011947,12.585163840465029
1.7967570424079895,0.36503024213016033,693.4776077270508,693.5203475952148,2.7693715677452451,13.187331611813333
1.3245566077530384,-0.1355748474597931,28.16474938392639,29.105697333812714,3.0400804836133277,10.837299345447398
-1.926240861415863,-0.41189952939748764,-1.416146159172058,6.655231416225433,1.6284879697891059,11.509796035789899
-5.72343635559082,3.990330994129181,-422.8632926940918,423.28506660461426,6.1927673205805345,25.997119169679035
-5.9543929398059845,0.8281994760036469,-544.2109718322754,544.3071765899658,7.1831764353121894,13.398729676350138
3.5466105937957764,-0.5262846648693085,-357.9841499328613,358.1226348876953,2.0513140151035727,12.910341747305427
0.8099512457847595,2.188118577003479,45.60533320903778,46.376978516578674,1.7292753586806504,14.13148525981594
11.203210726380348,3.7408895641565323,-1357.2070050239563,1357.3486733436584,1.2785176622727015,30.636868053696958
-2.2365493774414062,-1.0213049240410328,419.9159336090088,420.3200445175171,3.8376202517075848,22.694698209751717
-0.3467003107070923,-0.07782367989420891,4.945601232349873,11.422753810882568,1.1092787899273886,13.480795846566023
0.4832042555008229,2.0571939945220947,-302.0114517211914,302.13966369628906,3.1355918803244522,13.474811839847781
0.908356100320816,2.1884606778621674,-373.22370529174805,373.23990631103516,1.3595622641479783,7.181964902268299
-1.5526011567562819,2.9818392992019653,77.73500680923462,78.15068554878235,2.868774284670907,11.53022854525287
-0.2786491625010967,-0.16285592317581177,-1817.0586547851562,1817.0824279785156,0.3334347301241723,12.128150712275396
-3.1279687881469727,0.27523942291736603,-150.6138801574707,150.6856346130371,11.443665477757873,17.46482455807039
-0.21095037460327148,-8.640055656433105,43.354835510253906,47.37362194061279,9.4364197443030573,89.66440726519853
-0.4589046221226454,0.2502423822879791,513.1429538726807,513.206259727478,1.8544554074078325,14.618202277833259
-8.104685544967651,-8.567729949951172,60.0089048743248,86.95500385761261,23.345788449671822,87.90375272878742
-8.83015688881278,1.430830642580986,-1550.8890380859375,1550.9459533691406,2.8064746914068004,13.18223280247013
6.680395305156708,22.586912870407104,-422.3177909851074,426.04672050476074,10.498590467825833,74.18385658942105
0.9733834564685822,0.2148546427488327,-47.811219215393066,48.38463234901428,3.92479990215972,13.911956261620496
3.230620764195919,-1.8507738014450297,-83.38929581642151,83.63088369369507,3.2418424224139577,10.462738655919733
1.6868606619536877,29.345311522483826,51.16613185405731,67.23527026176453,7.9245552830823227,38.933333830019414
-0.564148775069043,1.170804474502802,-208.53568094968796,208.70781302452087,1.3795156488864178,10.365542469268577
0.4437970817089081,-2.1584349870681763,11.439330577850342,12.659060835838318,0.45351390285860804,5.69574362512186
0.2982369661331177,-0.8423091396689415,284.95312881469727,284.9866409301758,6.1257917292567337,11.706620738300204
-0.678827553987503,1.6985692083835602,89.07255125045776,89.4292094707489,1.2412192555971804,11.656557635966674
3.4625019505620003,4.414943218231201,432.0579833984375,432.1944942474365,1.5128552965984312,12.39618566220253
-4.152519568800926,-3.774654932320118,47.470993995666504,48.63970911502838,4.7229013295437321,15.386321422889747
2.387212447822094,-0.49474024772644043,1164.7955780029297,1164.900188446045,1.8404622120782468,21.75451858552585
-3.650121569633484,-3.6131951808929443,-16.150201439857483,27.3958842754364,3.1526405437329319,29.85271075850295
-3.2681218199431896,-6.236280024051666,288.3071937561035,288.4912643432617,2.0096409544551705,17.383802006855408
-0.4586355686187744,2.1940075010061264,16.629870653152466,18.739899277687073,0.85236627044256452,10.332315167685763
-1.358123556827195,-3.1052651777863503,281.4245915412903,281.75204849243164,0.7517917597996604,17.39940359504123
3.009660989046097,-2.273217260837555,78.76104974746704,79.3600902557373,4.3074332730254081,15.670168970375824
0.6480271220207214,-0.4215534180402756,-0.3422367423772812,3.485496312379837,7.6654244848060573,11.367511951369403
-1.5020053274929523,2.315095365047455,-59.9018816947937,60.784318923950195,2.4407288305141202,13.016133483678072
-1.664019525051117,0.37902718782424927,-120.20174241065979,121.22485995292664,2.4706545691642181,18.6709197958578
10.376259088516235,1.95335254073143,505.97756004333496,508.81003856658936,4.0189932660386098,67.31260661153067
-0.9667728329077363,-0.34930092096328735,-1563.0280303955078,1563.0385437011719,1.6830726850536997,10.804116609127986
0.788065355271101,-9.923208713531494,-291.90198135375977,292.1171202659607,17.097989424157515,11.676943019067885
1.5937261991202831,-0.9493792140856385,-776.3378653526306,776.4206337928772,0.3632146925099044,12.164540157545837
-0.5258713960647583,0.794924259185791,67.09528541564941,67.2582950592041,24.283994495110555,90.13260371536389
-0.19522669538855553,-4.663910101924557,-71.28421860933304,71.92319399118423,0.80215424654689249,10.577877382911847
15.244721800088882,-3.3333410024642944,-7.690356731414795,21.355095863342285,13.579385890995063,26.93865833947955
-0.17360270023345947,-0.8798878937959671,-66.00403833389282,66.22072076797485,0.95762093008733551,16.80373352316064
-1.060571301728487,-2.8119202964007854,621.1287361979485,621.2396011054516,1.2134292172166323,16.585778094514836
2.0540101155638695,3.181435003876686,331.2027702331543,331.34569358825684,0.97856403672120851,11.198845677740074
-0.3775079846382141,2.031133770942688,-46.97385048866272,47.501442670822144,0.62136466113715205,9.382656773591414
-1.3271278738975525,-0.19128770008683205,-83.07269716262817,83.30869436264038,2.2199142759861052,8.942951969317178
1.532124638557434,1.3719803541898727,362.6206884384155,362.6741428375244,1.8461247756038606,8.013886843945649
-4.890579700469971,2.0031504034996033,-4.86944305896759,10.649194478988647,9.6764538068873964,24.796898193276792
8.687027931213379,9.391955137252808,860.7152557373047,862.4724311828613,5.7985951007003136,91.29294604437656
1.297671616077423,0.8979781866073608,-8.282194137573242,9.074098348617554,3.8118750090374185,12.122439284281775
-2.1913999915122986,1.9788712952286005,14.898199528455734,17.25866711139679,2.7039117480543311,16.201539202340598
1.3754504173994064,0.7884021513164043,-1.0008046023431234,6.079745769500732,2.2523536556396486,10.3178955230877
3.466498415917158,0.748609583824873,-17.18794748187065,17.639086186885834,6.0832908106471049,12.25169626279307
1.708996757864952,-0.49828416109085083,-15.174877405166626,16.075514793395996,2.9593417842353857,10.45437159604426
2.8297430276870728,8.370985269546509,280.9133243560791,281.56305408477783,1.236674445963257,18.868926399651958
-0.8717377185821533,1.7520508766174316,41.05805063247681,41.58475351333618,3.3387550363877958,15.678483718549769
-3.2430925369262695,7.706327438354492,189.6410369873047,196.10578536987305,13.058980354732572,90.51573367580161
-5.4935144037008286,4.583485787734389,22.83348912000656,26.42596274614334,4.8886380148315141,19.042287128228626
0.9734062552452087,4.218255639076233,18.611212700605392,32.260823011398315,1.8773404934956097,29.541219652507518
0.4641871154308319,-1.1542028859257698,5.559456527233124,9.42150217294693,2.0063072601235818,11.13601025291783
5.452998638153076,-2.968743771314621,-433.4501953125,433.4960174560547,4.113332780065968,10.448748172548429
-3.741049736738205,1.9390529692173004,-165.8423891067505,166.07678604125977,2.6787463929840847,16.837095781490184
1.59857177734375,-7.203675985336304,93.15029811859131,110.22630548477173,2.7157002304460578,89.13797759024975
-5.2599858045578,1.4583016335964203,-149.4068489074707,149.68170928955078,4.5840132504748423,11.178554853137122
3.980861574411392,-1.5749299824237823,-6.556289225816727,10.684141993522644,2.3907081005029167,14.114911872919931
-13.797720164060593,-3.038621172308922,1.930480420589447,15.174888253211975,8.1751839331619358,62.900360401612055
-12.987933158874512,9.748087882995605,-21.704890727996826,44.700439453125,2.6529006021423851,38.924025782102326
-2.26906468719244,2.8082942962646484,-200.2068772315979,200.41102695465088,0.58033692035109241,12.969383000423585
-18.667494297027588,16.640427321195602,-13.068442732095718,56.8017520904541,8.2269103437097293,71.9294657225031
0.34697787649929523,0.8647655546665192,-3.4867319241166115,6.1173790991306305,3.722995797652096,11.123115433707776
-2.859698921442032,0.853469543159008,-1749.3278045654297,1749.3463172912598,1.038914544857398,11.119519638581982
-0.21383050084114075,-1.9035352053469978,-40.01610565185547,41.998623728752136,1.3844064109295804,14.837382354888765
3.568515419960022,2.6776052955538034,5.168505489826202,11.065173208713531,6.3944362843170621,14.54170311204135
-1.7226427793502808,4.878646157681942,-20.874955385923386,23.781406193971634,0.84346610041888748,11.07265585606748
3.260924741625786,-5.4185791015625,-12.241518914699554,18.808271825313568,0.54289606194858375,16.453588738500635
11.418801307678223,14.939892411231995,-7.904344387352467,30.339524030685425,0.39972286111269978,24.004945077073387
0.2394312620162964,0.3921910524368286,-69.7586088180542,70.47451066970825,0.97593436425783575,15.771050991583397
-3.481292400509119,0.07387330569326878,2.2146172374486923,5.48943817615509,2.6237261708494835,10.131879833675866
0.646316647529602,5.666206195950508,-175.32662963867188,175.7748522758484,4.9211200933268842,27.706267859830007
-1.3616646230220795,0.41704070940613747,-12.235448598861694,12.74544358253479,2.9546996741634093,11.933363317503588
-1.7691908478736877,-1.2043235278688371,59.440441489219666,60.658082246780396,1.7147328649438944,15.071940721185255
-4.817224845290184,-0.620135024189949,-5.965162813663483,10.326085448265076,6.3352757211243453,13.846850540883933
-1.7881425406085327,-27.50006365776062,573.679313659668,576.7797164916992,22.506412489332853,90.5118131537877
2.272836536169052,4.320717086084187,-276.07795906066895,276.22997283935547,4.20824023189647,16.8192315579707
-20.247820019721985,-14.515093505382538,41.18002578616142,86.08420193195343,4.733698164663771,85.71283987570983
0.4815753437578678,13.129878759384155,44.973376750946045,48.166311264038086,4.0735778796350468,18.308666553172234
2.580188624560833,9.03074536472559,984.6990878582001,984.8536152839661,0.79323017935978213,15.707928969175292
0.5812403224408627,0.8618268370628357,-72.55617547035217,73.15331172943115,0.78073318370749945,14.692598552530388
7.848452061414719,17.486067295074463,889.5351676940918,889.7913398742676,1.3642419152177707,10.559599515058848
-0.1617981195449829,-5.71721076965332,44.942978382110596,46.37835931777954,5.5451774536416689,15.291271139952725
-3.7918433882296085,2.8892429023981094,-15.346934735774994,17.602793097496033,3.5632289421587049,11.806431120056903
-0.71729476749897,0.13155275583267212,-81.67838287353516,82.1094741821289,0.7394586547960772,10.982783611519068
5.966923743486404,-2.2183636128902435,49.08852219581604,50.09116792678833,0.2241422843116691,10.242603225575488
0.6331233158707619,-2.00638016872108,676.3214445114136,676.3332424163818,2.5461648060456401,9.522597851447223
2.3103943169116974,-1.0677563697099686,-33.09923028945923,34.6411110162735,13.315794406148623,22.059899248885014
17.589167714118958,-21.8852921128273,-158.6868393421173,169.10396718978882,26.109800213300073,90.4024516228069
6.792057037353516,-14.144583821296692,2409.644706726074,2410.6104583740234,11.684675884156629,92.3317888452952
1.4961334350518882,-5.094563244841993,5.016339059919119,12.205535918474197,0.60849862750661898,10.848328559588298
9.583349227905273,-4.602173805236816,-57.99636268615723,63.37633991241455,9.7919213398123581,91.17426322532924
0.19595718383789062,2.5603679418563843,-1436.1925220489502,1437.6540832519531,2.311565954731126,89.1736369764474
4.381828874349594,0.9786390513181686,26.408690243959427,27.705042779445648,5.524609234887083,12.776828222960072
2.2838491648435593,3.2486561834812164,-1.2496015131473541,9.699029624462128,2.1844543973221033,14.48796478991361
0.7929620677605271,0.40177380479872227,21.42525488138199,22.425394892692566,0.27473912848250687,11.832605834554093
1.4710938781499863,-0.5881460681557655,-2.1318150460720062,5.718877166509628,1.482636051078229,10.937538886374982
-4.961199939250946,0.6174685955047607,-43.19217109680176,44.26289165019989,3.9583724615419222,18.922757365148524
-20.693052411079407,17.327010482549667,261.34148371219635,263.7924963235855,17.000822431961886,50.85952530247447
-1.5510295033454895,-1.325915277004242,13.465273022651672,18.234586238861084,1.4376483327036162,14.52224150258483
-1.4969337955117226,-4.145718366838992,11.113436006009579,15.528953671455383,0.49591684418516724,11.691966996989992
-0.5565666705369949,25.176470935344696,-173.91523349285126,188.54703760147095,4.1380946581721689,90.49211841332378
2.279196947813034,-1.5842741429805756,523.1257915496826,523.1694660186768,2.602932351993803,14.973572232833465
2.2717652320861816,0.31161773204803467,4.282473087310791,8.086111783981323,1.0178653950362944,10.892518234192007
5.668896850198507,5.6456658989191055,-230.57045459747314,231.1514368057251,3.7428095206573131,17.36764198630184
0.6173169631510973,-0.6180948745459318,188.63616466522217,188.80298590660095,0.84134576546839368,10.58808167111801
0.9114880412817001,-0.18317372910678387,21.141979217529297,21.356401920318604,6.1865550302599281,14.776832127524704
1.036125361919403,2.445630133152008,-31.394864797592163,32.111719250679016,2.572895012281124,10.351514249065819
-1.1440250985324383,0.2767272889614105,-660.4382247924805,660.472957611084,3.0543285034957091,10.325337991830898
1.833485696464777,1.3405115455389023,-63.119073152542114,63.65096586942673,4.9192864499092543,25.838251565982876
-2.370438277721405,-2.4078008458018303,-8.090659603476524,13.09350973367691,0.66277612062930935,15.545017819557561
0.599141001701355,-17.073247589170933,-66.6669947206974,70.3538569509983,0.62322348299348895,14.898196115492675
-1.1111185550689697,5.59782774746418,-2.047515571117401,68.38493168354034,20.135642468593868,90.33456021546111
-19.232652813196182,-17.4388769865036,-20.050916075706482,35.5928270816803,15.133300821548417,21.662550523274223
19.45600974559784,-5.939643144607544,13.538350105285645,47.90453267097473,35.008460464923232,89.02782239083048
5.2577193677425385,-0.40007082372903824,89.19969153404236,89.66619968414307,5.3119440323516054,14.418951477298549
0.6487613916397095,3.1827163696289062,540.9222903251648,541.0569357872009,3.5554930836901564,17.884989733171
0.11109662055969238,0.7722842171788216,-30.43302345275879,32.96499848365784,3.1850007766831188,19.750771292385284
-3.8045800924301147,-1.2049203515052795,-158.68547916412354,158.93612098693848,1.9841007113860232,14.05119150926977
14.103806972503662,11.969445049762726,-23.942672729492188,33.912405014038086,34.325496603568325,56.74124835361639
2.1342421174049377,-4.163614898920059,-21.108995616436005,23.819645881652832,0.95674142233504222,11.026061022278187
-0.8119380176067352,-9.085616827011108,23.763996124267578,25.4686336517334,10.208782250510509,47.794185896921896
-1.389935977756977,1.7289326190948486,-295.285364151001,295.32347679138184,2.9710097462410872,10.514590769399634
-1.8677818085998297,-3.3381718695163727,-1771.0651168823242,1771.0909805297852,0.5165095669875468,10.888508766860017
18.43348729610443,29.257219552993774,-38.04050260782242,57.52470111846924,9.0234287063325276,37.066550624200424
-11.504637628793716,-23.587972402572632,-9.766270399093628,64.1394145488739,11.196649489730772,90.94170882300898
2.5390132665634155,1.2264105826616287,-322.72633504867554,322.8546795845032,1.6743713188781357,12.946363955047449
-1.1174610555171967,0.19133596122264862,910.3547325134277,910.3823394775391,2.8872076464577803,10.011198774948191
-2.0414348989725113,-19.46604472398758,15.585920661687851,26.671606302261353,6.129405036683357,12.778321846932409
-1.0817249864339828,2.342554770410061,-1155.590560913086,1155.6096534729004,1.8549467693169084,10.65984446850501
-1.9842785149812698,4.319674849510193,-6.305417224764824,12.56344884634018,0.24488257007636077,11.26473952627835
-4.115698933601379,1.5090796649456024,1654.7106628417969,1654.7167053222656,1.5892999943037682,6.360200651083773
1.5200846502557397,-1.6070300694555044,-151.57780003547668,151.781147480011,1.4319061013425198,10.3395070198848
0.24884151277365163,-1.6099406690336764,1547.0769810676575,1547.146995306015,0.31337359352804178,15.125692674900021
0.26606229692697525,9.454129913821816,96.26494621485472,97.79484511911869,1.4474455083629743,16.355675326898595
10.113142013549805,-3.4890170600265265,-30.621176795801148,74.01239085197449,8.9153041421657413,90.1018277891803
4.282712936401367,2.5251908153295517,160.34889698028564,165.88644552230835,4.416609230158735,94.19195831939173
-0.30517445504665375,3.452027842402458,16.02012638747692,17.12186625599861,9.3631310246436961,15.302819772577731
0.520483136177063,-7.021018981933594,260.405855178833,261.8015766143799,2.5619267688566842,35.40047501415561
0.5674155652523041,5.589062929153442,-1148.4057579040527,1148.982723236084,1.0890969763478855,55.07286158241722
-0.9217160493135452,4.242959380149841,-0.866657666862011,4.604134261608124,1.7240650890732712,13.46892754882938
1.1436495780944824,9.038187891244888,1300.1975402832031,1301.5399627685547,5.999790089803021,91.8435754122625
1.3815973401069641,-2.688336044549942,14.950397968292236,17.17608606815338,2.8246905582302255,10.810268511126464
5.694922834634781,3.2667559385299683,1.702465534210205,10.954825937747955,5.6317825396251102,14.402954440110724
0.10254493542015553,2.409535378217697,-1043.2144966125488,1043.37015914917,0.88159948634208507,21.572495086934882
52.187126874923706,-16.34258198738098,1016.8670997619629,1020.857738494873,1.7666733248732436,89.23004789794447
-16.1555557847023,-9.841251075267792,80.70588445663452,93.87755870819092,18.72688946697739,90.02694742784867
5.519709832966328,9.128198266029358,8.023470312356949,22.310116052627563,1.0556158816182264,23.290750645050387
1.5787691175937653,-1.621797263622284,1302.4116535186768,1302.4312601089478,2.5657688384992507,11.707408036637666
-3.4938327111303806,5.626376362517476,18.143392093479633,20.285533249378204,3.0535055319113762,12.930822061122695
-0.256039097905159,5.254196405410767,166.06618452072144,166.2647500038147,0.45308534086157531,9.34596049959765
1.6708505153656006,-5.8945435881614685,-5.94793227314949,12.041837811470032,5.6382860195234645,14.52491477296059
-4.353799641132355,-0.06560847163200378,-71.94223326444626,72.15351808071136,5.169656844548677,11.48290380213248
18.673799574375153,-7.025048911571503,730.4235949516296,731.6194062232971,4.0808441836018874,43.216623974345325
-5.5207085609436035,2.4971266388893127,-108.99094772338867,120.01398468017578,7.2232010303313903,94.50552528350396
-3.3033849708735943,-0.32868044078350067,9.605766147375107,11.982783645391464,2.2358492977250517,11.508879684584462
0.8440892547369003,2.0794709771871567,-549.5213394165039,549.6693468093872,0.52323547887142863,15.665702031947422
-2.113036185503006,-0.5803026854991913,-3745.095169067383,3745.107452392578,1.7472540450219272,14.586813653535344
-0.19422969222068787,-9.346943616867065,-82.18445062637329,87.31590509414673,6.7071123236071335,41.29771280563236
3.5620052814483643,0.3142068535089493,-14.053130149841309,14.717998266220093,3.5152285436941373,10.773394307677764
3.695270085707307,1.7958766929805279,-207.85414791107178,208.16871166229248,3.1589428172978273,15.040710177688869
-8.540981531143188,-3.635462999343872,60.789642333984375,63.03427505493164,24.367297805852157,90.66234498630222
-0.7646073326468468,4.54689547419548,-300.8324317932129,300.91416931152344,2.8381789796975325,16.02747701187793
-0.18772664666175842,2.4594674706459045,1.396243304014206,13.220987975597382,2.9010948209598859,16.967240535125036
-15.773941159248352,23.732621669769287,15.023367643356323,53.14687943458557,24.899848049629252,91.87408871474624
42.65927696228027,15.948793888092041,53.35132825374603,73.85290563106537,15.744554589693744,61.78819581705835
2.0435943752527237,0.42563705518841743,-431.92102336883545,431.99114513397217,1.5857925942744631,10.619524166746505
0.588804267346859,0.9981682356446981,507.7826042175293,507.8196315765381,2.2282612073201169,11.31430416786568
-30.07896949723363,3.066239297389984,11.543550629168749,35.76868584752083,11.038728504674816,28.857075223215613
10.445516839623451,8.842503525316715,463.92239928245544,464.2034840583801,1.6974128261231942,10.624469252239003
-5.376166999340057,35.81034827232361,302.76283073425293,306.2412395477295,19.022035939333321,91.15063878781699
1.997555360198021,0.7640993595123291,-452.74081802368164,452.81350326538086,5.3271773294934839,20.096785230924592
-0.821896880865097,3.754454553127289,-118.69818162918091,121.96707201004028,0.60804017240815145,30.374936663587338
-4.066213071346283,-1.0135751813650131,27.882615372538567,31.362970530986786,0.95290706507066103,15.995261299976507
-0.44054415076971054,2.6739420369267464,1.1159384846687317,12.146868646144867,0.57870928074782579,14.911458733222911
-43.41493833065033,-20.95064616203308,80.13750058412552,116.97922492027283,5.5561629223391593,85.58091447750915
19.34202742576599,-5.967507004737854,24.634641878306866,59.42854356765747,17.109611525358982,91.02293960202468
-1.020814225077629,-3.460917666554451,-103.05552291870117,103.62845349311829,1.4890231901542561,11.884906881326664
-27.361719727516174,-19.47705912590027,88.10856246948242,124.45340919494629,16.647565793834776,113.79509493887616
0.8301727063953876,-1.248387098312378,-930.6456527709961,930.7229042053223,7.0437451379653782,18.681836712010533
-2.0217571426182985,0.5945424735546112,-183.49725914001465,183.6739091873169,4.6539906045596284,13.442958072568922
0.49252865836024284,-2.538414031267166,97.8365747332573,98.19459748268127,2.2035903308084337,12.765536720999247
-7.997697353363037,11.98161555826664,-35.654956221580505,80.35244417190552,4.8163915666262476,91.9578828149997
-1.5945308208465576,2.7442629039287567,92.6167688369751,93.01131105422974,1.7796052875587567,12.117004770162852
0.30712297558784485,0.842741072177887,-3.007308602333069,5.536997467279434,1.7143685069624548,10.607013227815964
2.9808071851730347,-2.943410649895668,-844.9596519470215,846.5121726989746,2.9759738513873173,86.7757150298938
3.89604489505291,-2.253427427262068,-72.73982977867126,73.32029342651367,4.2410957166600047,17.67637264360591
-1.1239710450172424,2.6190094649791718,-95.53668212890625,95.70990753173828,3.1729540446218358,11.11768704327838
-3.0206255316734314,2.9581612050533295,-7.750630795955658,14.886403560638428,0.67037422670501889,13.832306189008312
3.1067969873547554,-1.6828280985355377,-13.275307893753052,14.890730142593384,2.8668374795293912,17.632075173169472
0.37971577793359756,-0.9411186575889587,101.69387102127075,101.74195528030396,2.4855133962016516,9.632361506646545
-21.545535653829575,-2.4198863804340363,-125.67494904994965,135.63956689834595,23.333255862486194,92.00120176558042
3.027294009923935,-1.9019321501255035,-525.7245330810547,525.8303737640381,0.70675889189448793,17.260712139168906
9.197178959846497,4.908096045255661,-809.8706839084625,810.0008311271667,5.1669530580905967,18.890000852863917
-19.05378967523575,40.16277515888214,35.70635414123535,92.04203295707703,8.9401607694741632,87.90126883583257
-6.988210499286652,-3.245513916015625,-194.40465450286865,194.62310600280762,3.7127237331773011,11.037199808255965
6.197374671697617,13.913010358810425,-704.2724590301514,704.5365982055664,3.0571999036818971,14.744012148199673
3.679206170141697,-4.843274527229369,-132.49329376220703,132.77312469482422,1.1207780457891539,10.304516455915184
-2.8367432951927185,-4.230351455509663,-11.012372381985188,14.955666065216064,0.29929622447497423,10.70764050150654
3.9216264188289642,-1.2895483076572418,-566.6429319381714,566.9990043640137,4.0382798322127567,29.006566497442197
0.35032328218221664,2.370868682861328,-1.7578905820846558,10.390069127082825,1.8020061409804282,20.299545377039436
-43.40865421295166,56.495567321777344,-67.97820949554443,101.60675621032715,127.47426065679987,91.30815874402832
-6.122945070266724,-1.2310681529343128,181.44042015075684,181.57179260253906,7.6359373734626521,11.166563014469526
-0.43954992294311523,0.14076334238052368,11.621090412139893,40.79991626739502,10.343735347424609,71.0865266586889
-0.8353817462921143,0.21870571374893188,-0.9080028831958771,3.26073682308197,15.046992650790814,27.365411934595837
11.931914329528809,-12.954040288925171,66.58103513717651,87.06814575195312,0.96938944833215912,78.02302827946586
2.3842211440205574,-3.3399875331670046,-2.2212271988391876,6.02383691072464,2.8676118992646638,10.965059701176049
12.044607877731323,-0.1953417956829071,-55.7452449798584,57.47450232505798,4.5167277989311962,16.355159016934696
0.38885939470492303,-2.0828403681516647,-302.0398893356323,302.0951871871948,3.7997028929914025,12.204585896641314
-7.571791648864746,-9.511265568435192,1039.216012954712,1039.2973527908325,1.5846015043091892,7.121564254928179
2.599149338901043,3.571482315659523,77.63313889503479,78.06315231323242,1.1721665782288,8.930217855050703
0.05872536450624466,-4.777729250490665,-9.938449025154114,13.592765986919403,4.0638404614648485,11.002703961862299
-1.2430614829063416,1.6298176497220993,-20.667247772216797,22.173362255096436,1.8609821522450942,12.970870208702705
-5.083948463201523,-10.284865975379944,-398.57750034332275,400.36005115509033,21.102685439843842,71.64830583046587
0.03723415732383728,0.20327553153038025,-11.565113067626953,18.399863123893738,0.53362684769176572,17.843308058644872
0.34690627455711365,0.16611087322235107,12.889797568321228,15.763713598251343,1.9366125885652601,14.246068943830457
1.212167914956808,4.508935034275055,225.9515781402588,226.30523681640625,0.81322625621854627,13.04160030392598
1.8029503151774406,-3.8593088388442993,-674.9434108734131,675.0137686729431,1.0502048509342423,12.70003435990514
2.0362231731414795,0.6300049424171448,443.3408889770508,443.4183349609375,0.73087808888394334,13.029386943248648
8.596749186515808,-4.706315338611603,20.450623154640198,25.169869661331177,7.9245640225612775,25.06675714313147
-2.040966033935547,0.2117784060537815,-700.7447128295898,700.900203704834,0.37111930840111762,15.217951052578915
3.8288142383098602,0.5549432076513767,1086.9602131843567,1086.979032278061,3.3698017631063606,11.247331397355925
7.157387360930443,9.693315766751766,-1106.357032775879,1106.47998046875,1.2134110033166534,16.72475932533064
-1.328709900379181,1.1712956428527832,-217.32627296447754,217.5951805114746,4.0433264627703789,30.918337401387355
13.087197065353394,-2.903050871565938,40.22879755496979,49.61007022857666,0.5471425689286552,27.287756532352503
0.2929920945316553,4.718056917190552,11.464550018310547,14.200877904891968,3.6269005284892541,11.889211112812273
-4.9873234033584595,-7.872921139001846,-401.068341255188,408.81545424461365,10.99196777036742,113.2209693727805
9.250673294067383,14.543156385421753,1070.797435760498,1071.1075820922852,5.2902473186459913,23.035201096513312
-3.290314245969057,0.1931438148021698,-124.22448253631592,124.398197889328,1.81675121459189,15.002443942499198
4.004573322832584,-2.72561876475811,27.075809121131897,28.497763752937317,3.8968519409113922,21.914347175467775
-1.175498127937317,1.07345712184906,-562.3941268920898,562.6638412475586,2.9490357442820989,28.286696738173006
4.6167681105434895,-2.078571295365691,18.462296307086945,21.419151544570923,0.66545664527646042,10.528313891266828
1.8761719465255737,16.774453341960907,2355.254020690918,2355.945510864258,13.017342744900866,91.54723373763927
2.592218115925789,0.5383512079715729,-52.29942035675049,52.794137954711914,3.7144921184089044,14.525131590439226
-8.943453341722488,8.42848652601242,-73.80970668792725,85.06359314918518,2.2275780545405968,52.63643840961943
0.5177792645990849,0.6232229890301824,-2029.0593643188477,2029.0665817260742,2.7925223794735521,12.288206882786547
0.14745038747787476,2.757240653038025,-112.17204236984253,112.23796319961548,2.0683625830464054,5.134587005449606
9.80297563970089,9.571925431489944,-263.81681793928146,264.286948800087,5.8814263372963671,12.393494807545732
-0.29656842444092035,1.3520138990134,-251.97808730602264,252.14852368831635,1.4133992553341912,13.255095670838568
-0.18192988634109497,-0.9233310520648956,-204.14554405212402,204.2024848461151,1.5292211422549957,9.617011767037964
5.716981694102287,-7.252570614218712,446.89397048950195,447.0507535934448,2.4554000813848411,10.143309344257574
0.2026522010564804,-0.6329112574458122,6.381444030441344,9.80569925904274,6.4304140678941897,14.849649133865885
-1.9691228568553925,16.343410938978195,-222.66570687294006,223.42785549163818,4.0293109795984003,13.266916702889693
0.7318406242411584,-1.7697416990995407,34.33202803134918,44.868964314460754,1.1687446948216575,39.16735104720198
-4.60119254887104,0.004253417253494263,-9.416382506489754,10.740043312311172,3.1593007717501544,5.5509280439506945
1.62599723553285,-1.1475792229175568,3.5762234395369887,7.312467858195305,1.4707326025695322,11.667849688370444
-2.292856939136982,3.3402480483055115,108.96866565942764,111.23508954048157,3.4609301732680771,33.53588514878037
1.729027807712555,-0.4438874125480652,-834.7770004272461,834.8151206970215,4.1900509241512021,12.366528669516805
-1.2879966385662556,3.2612291425466537,4.97824227809906,7.525296300649643,1.128547561242482,13.701488344724362
1.2635837346315384,0.7045020814985037,7.488989591598511,8.775295495986938,2.6035488488715215,13.276510514356875
-5.125161454081535,4.1942256996408105,74.16419780254364,74.67440283298492,4.3266274058233751,10.960763984269366
0.747035413980484,2.3605597615242004,1095.1742095947266,1095.2053146362305,1.2284760348193422,10.383209749004834
-5.309941112995148,-1.0438403487205505,-31.490251541137695,32.8405659198761,11.86845295202354,19.65719715236957
2.654302805662155,-3.3549904227256775,31.579132974147797,33.04007136821747,0.96980173339555531,12.683652567665662
1.498628195375204,-5.1190143171697855,15.499297022819519,18.260652899742126,7.134111963715827,14.634613145653733
2.233821749687195,0.06870988011360168,129.18013381958008,129.38103485107422,4.5580745531383799,13.422144974453582
-2.726196527481079,-3.81802237033844,96.68780565261841,99.50255870819092,1.8687721945115574,27.43131375577349
-1.306683674454689,0.28733664751052856,-757.3795566558838,757.4522953033447,0.19166721291980296,10.69158851459377
